Title,Address,On which Day Job Uploaded,Link,Level
Project Trainee,"Lahore, Punjab, Pakistan
22 hours ago",2024-10-10,https://pk.linkedin.com/jobs/view/project-trainee-at-foodpanda-4029134301?position=1&pageNum=0&refId=jF5gC2qqjapHa6RhSayVDA%3D%3D&trackingId=UuhfRPqeZaP1cv1XD%2FhN8Q%3D%3D,Internship
Software Development Internship,"Lahore, Punjab, Pakistan
3 days ago",2024-10-11,https://pk.linkedin.com/jobs/view/software-development-internship-at-eritheia-labs-4045195738?position=2&pageNum=0&refId=jF5gC2qqjapHa6RhSayVDA%3D%3D&trackingId=m3aRHUcBf9NcQuGwlC%2BuEA%3D%3D,Internship
Engineering Internship(RPS),"Lahore, Punjab, Pakistan
4 days ago",2024-10-08,https://pk.linkedin.com/jobs/view/engineering-internship-rps-at-avanceon-middle-east-south-asia-4042989271?position=3&pageNum=0&refId=jF5gC2qqjapHa6RhSayVDA%3D%3D&trackingId=XrDFRKokeFI5Ja9sq6dIhA%3D%3D,Internship
Digital Marketer - Intern (Remote Internship - Marketing),"Karāchi, Sindh, Pakistan
Be an early applicant
5 days ago",2024-10-07,https://pk.linkedin.com/jobs/view/digital-marketer-intern-remote-internship-marketing-at-kreativstorm-4044747937?position=4&pageNum=0&refId=jF5gC2qqjapHa6RhSayVDA%3D%3D&trackingId=MMeNNHFIZJaXYc%2B4ICFwAA%3D%3D,Internship
Systems and RPS Internship,"Islamabad, Punjab, Pakistan
4 days ago",2024-10-07,https://pk.linkedin.com/jobs/view/systems-and-rps-internship-at-avanceon-middle-east-south-asia-4041931091?position=5&pageNum=0&refId=jF5gC2qqjapHa6RhSayVDA%3D%3D&trackingId=b%2Bx947RYVqjEQVKhdod86w%3D%3D,Internship
Corporate Accounting - Intern (Remote Internship - Accounting),"Islamabad, Islāmābād, Pakistan
4 days ago",2024-10-07,https://pk.linkedin.com/jobs/view/corporate-accounting-intern-remote-internship-accounting-at-kreativstorm-4044750333?position=6&pageNum=0&refId=jF5gC2qqjapHa6RhSayVDA%3D%3D&trackingId=GSLXey3VMZpyZ2kmIPQyZA%3D%3D,Internship
Ultra Sound Technologist (Locum),"Lahore, Punjab, Pakistan
3 days ago",2024-10-08,https://pk.linkedin.com/jobs/view/ultra-sound-technologist-locum-at-the-indus-hospital-4044363374?position=7&pageNum=0&refId=jF5gC2qqjapHa6RhSayVDA%3D%3D&trackingId=JB%2FqT3oTeJDg9APUv7Cvpg%3D%3D,Internship
Junior Visual Designer (Remote),"Lahore, Punjab, Pakistan
4 days ago",2024-10-07,https://pk.linkedin.com/jobs/view/junior-visual-designer-remote-at-kreativstorm-4045074243?position=8&pageNum=0&refId=jF5gC2qqjapHa6RhSayVDA%3D%3D&trackingId=PjdKCu8GJJ6k1466V9pLmw%3D%3D,Internship
SQA Intern,"Lahore, Punjab, Pakistan
13 hours ago",2024-10-08,https://pk.linkedin.com/jobs/view/sqa-intern-at-hellofriday-4043605970?position=9&pageNum=0&refId=jF5gC2qqjapHa6RhSayVDA%3D%3D&trackingId=%2BfVz1w20ztmgHRqzeJuN0w%3D%3D,Internship
QA Specialist - Intern (Remote Internship - Quality Assurance),"Islamabad, Islāmābād, Pakistan
Be an early applicant
5 days ago",2024-10-07,https://pk.linkedin.com/jobs/view/qa-specialist-intern-remote-internship-quality-assurance-at-kreativstorm-4044749993?position=10&pageNum=0&refId=jF5gC2qqjapHa6RhSayVDA%3D%3D&trackingId=ajeG8%2F5kHuI6WzUaincGog%3D%3D,Internship
SQA Intern,"Lahore, Punjab, Pakistan
3 days ago",2024-10-11,https://pk.linkedin.com/jobs/view/sqa-intern-at-qbatch-4046404175?position=11&pageNum=0&refId=jF5gC2qqjapHa6RhSayVDA%3D%3D&trackingId=Y9nZ5NsGGU6Pk1k5QfTHzw%3D%3D,Internship
Systems and RPS Internship,"Rawalpindi, Punjab, Pakistan
9 hours ago",2024-10-07,https://pk.linkedin.com/jobs/view/systems-and-rps-internship-at-avanceon-middle-east-south-asia-4041932103?position=12&pageNum=0&refId=jF5gC2qqjapHa6RhSayVDA%3D%3D&trackingId=9Gf%2BkSIH8eN%2BZe2lqZINVQ%3D%3D,Internship
Junior React Native Developer,"Lahore, Punjab, Pakistan
1 day ago",2024-10-08,https://pk.linkedin.com/jobs/view/junior-react-native-developer-at-hellofriday-4043612008?position=13&pageNum=0&refId=jF5gC2qqjapHa6RhSayVDA%3D%3D&trackingId=mpKr3NXhKDoFmjuh3tjxFA%3D%3D,Internship
Trainee Software Developer,"Lahore, Punjab, Pakistan
22 hours ago",2024-10-08,https://pk.linkedin.com/jobs/view/trainee-software-developer-at-contour-software-4044339512?position=14&pageNum=0&refId=jF5gC2qqjapHa6RhSayVDA%3D%3D&trackingId=QfdIhKODcqjp8W6nKGbN%2BQ%3D%3D,Internship
Training Planning Engineer (Fresh Graduate Civil Engineers),"Islamabad, Islāmābād, Pakistan
20 hours ago",2024-10-11,https://pk.linkedin.com/jobs/view/training-planning-engineer-fresh-graduate-civil-engineers-at-value-engineering-pakistan-4046417961?position=15&pageNum=0&refId=jF5gC2qqjapHa6RhSayVDA%3D%3D&trackingId=wGKg9W5w8%2Fm9C8aN4bXqfw%3D%3D,Internship
Software Testing Intern,"Islamabad, Islāmābād, Pakistan
4 days ago",2024-10-10,https://pk.linkedin.com/jobs/view/software-testing-intern-at-unifonic-4042855875?position=16&pageNum=0&refId=jF5gC2qqjapHa6RhSayVDA%3D%3D&trackingId=vdTqe4OgsctO0ak1Gi6r3A%3D%3D,Internship
HR Intern,"Lahore, Punjab, Pakistan
Be an early applicant
2 days ago",2024-10-11,https://pk.linkedin.com/jobs/view/hr-intern-at-eritheia-labs-4045193936?position=17&pageNum=0&refId=jF5gC2qqjapHa6RhSayVDA%3D%3D&trackingId=W0NjuwQPlgQly5R0dDbedQ%3D%3D,Internship
Creative trainee,"Karāchi, Sindh, Pakistan
Be an early applicant
13 hours ago",2024-10-09,https://pk.linkedin.com/jobs/view/creative-trainee-at-integriti-4044020087?position=18&pageNum=0&refId=jF5gC2qqjapHa6RhSayVDA%3D%3D&trackingId=ZnpXN5ZzixnMz458V9xUHw%3D%3D,Internship
Sales Intern,"Faisalabad, Punjab, Pakistan
Be an early applicant
2 days ago",2024-10-07,https://pk.linkedin.com/jobs/view/sales-intern-at-zip24-4041947134?position=19&pageNum=0&refId=jF5gC2qqjapHa6RhSayVDA%3D%3D&trackingId=BkhlxRnMwjthfiAXczLIFg%3D%3D,Internship
People Analytics Intern,"Lahore District, Punjab, Pakistan
17 hours ago",2024-10-11,https://pk.linkedin.com/jobs/view/people-analytics-intern-at-jazz-4048998172?position=20&pageNum=0&refId=jF5gC2qqjapHa6RhSayVDA%3D%3D&trackingId=XiGz15%2B6psPhHOqkdrNQNg%3D%3D,Internship
"Product Manager (Internship, YouTube)","Lahore, Punjab, Pakistan
Be an early applicant
21 hours ago",2024-10-09,https://pk.linkedin.com/jobs/view/product-manager-internship-youtube-at-greentomatomedia-4046625347?position=21&pageNum=0&refId=jF5gC2qqjapHa6RhSayVDA%3D%3D&trackingId=Ev%2FSaocVi2%2B2MNjh36MM0Q%3D%3D,Internship
Intern,"Karachi Division, Sindh, Pakistan
1 day ago",2024-10-07,https://pk.linkedin.com/jobs/view/intern-at-kensho-technologies-4045070563?position=22&pageNum=0&refId=jF5gC2qqjapHa6RhSayVDA%3D%3D&trackingId=MqDBdpP%2BCqRfblhG0iHhTg%3D%3D,Internship
Creative Content Trainee,"Islamabad, Islāmābād, Pakistan
4 days ago",2024-10-09,https://pk.linkedin.com/jobs/view/creative-content-trainee-at-integriti-4044035293?position=23&pageNum=0&refId=jF5gC2qqjapHa6RhSayVDA%3D%3D&trackingId=4tafLyGvmSxPJDVRkftvjg%3D%3D,Internship
Accounts Trainee,"Karachi Central District, Sindh, Pakistan
2 days ago",2024-10-11,https://pk.linkedin.com/jobs/view/accounts-trainee-at-acca-careers-4049710208?position=24&pageNum=0&refId=jF5gC2qqjapHa6RhSayVDA%3D%3D&trackingId=ROoH7I1pLKVgiR1g5KSTQA%3D%3D,Internship
Trainee Software Developer (PSEB),"Faisalabad, Punjab, Pakistan
3 days ago",2024-10-05,https://pk.linkedin.com/jobs/view/trainee-software-developer-pseb-at-contour-software-4043910510?position=25&pageNum=0&refId=jF5gC2qqjapHa6RhSayVDA%3D%3D&trackingId=hxXaXIdOdzp1sf98qCl26g%3D%3D,Internship
SEO Specialist Lahore,"Islamabad, Islāmābād, Pakistan
1 day ago",2024-10-11,https://pk.linkedin.com/jobs/view/seo-specialist%0Alahore-at-devbunch-private-limited-4049238506?position=26&pageNum=0&refId=jF5gC2qqjapHa6RhSayVDA%3D%3D&trackingId=CF8ZOlaoENWmJO4nEP2FNQ%3D%3D,Internship
BS/Undergraduate Research Fellow/Studentship Department of History,"Islamabad, Islāmābād, Pakistan
Be an early applicant
9 hours ago",2024-10-09,https://pk.linkedin.com/jobs/view/bs-undergraduate-research-fellow-studentship-department-of-history-at-government-college-university-faisalabad-4046848440?position=27&pageNum=0&refId=jF5gC2qqjapHa6RhSayVDA%3D%3D&trackingId=9TsiHwX35XM2isJVq4%2BLEQ%3D%3D,Internship
Quality Assurance Tester,"Lahore, Punjab, Pakistan
3 days ago",2024-10-11,https://pk.linkedin.com/jobs/view/quality-assurance-tester-at-holistic-care-4045519793?position=28&pageNum=0&refId=jF5gC2qqjapHa6RhSayVDA%3D%3D&trackingId=cyaIvb%2FV2GNWl76nPVzcaA%3D%3D,Internship
Junior UI Artist,"Islamabad, Islāmābād, Pakistan
Be an early applicant
5 days ago",2024-10-11,https://pk.linkedin.com/jobs/view/junior-ui-artist-at-gamivision-4045512770?position=29&pageNum=0&refId=jF5gC2qqjapHa6RhSayVDA%3D%3D&trackingId=f1I%2FkqT6sypezMzfUvRlPQ%3D%3D,Internship
SQA Trainee,"Karāchi, Sindh, Pakistan
Be an early applicant
13 hours ago",2024-10-10,https://pk.linkedin.com/jobs/view/sqa-trainee-at-contour-software-4045636484?position=30&pageNum=0&refId=jF5gC2qqjapHa6RhSayVDA%3D%3D&trackingId=8B3T9iO6HtBP3jcltOb2CQ%3D%3D,Internship
Storyboard Artist (Trainee),"Lahore, Punjab, Pakistan
2 days ago",2024-10-10,https://pk.linkedin.com/jobs/view/storyboard-artist-trainee-at-vezyon-4045611544?position=31&pageNum=0&refId=jF5gC2qqjapHa6RhSayVDA%3D%3D&trackingId=Mhjk3BYPTMuhmvVh7b0YtQ%3D%3D,Internship
Content Creator,"Islamabad, Islāmābād, Pakistan
1 day ago",2024-10-07,https://pk.linkedin.com/jobs/view/content-creator-at-amanrasoft-4044539130?position=32&pageNum=0&refId=jF5gC2qqjapHa6RhSayVDA%3D%3D&trackingId=9AnHQGpGD9oHA852P%2Fma%2BQ%3D%3D,Internship
Marketing And Business Development Intern,"Karachi Division, Sindh, Pakistan
Be an early applicant
3 days ago",2024-10-07,https://pk.linkedin.com/jobs/view/marketing-and-business-development-intern-at-reliance-golf-4042280182?position=33&pageNum=0&refId=jF5gC2qqjapHa6RhSayVDA%3D%3D&trackingId=I6HSNholXxEl4lYKNpVYpA%3D%3D,Internship
Dispatch Assistant Intern,"Islamabad, Islāmābād, Pakistan
Be an early applicant
13 hours ago",2024-10-09,https://pk.linkedin.com/jobs/view/dispatch-assistant-intern-at-cavemanorganics-4035245080?position=34&pageNum=0&refId=jF5gC2qqjapHa6RhSayVDA%3D%3D&trackingId=7sscNHAyfsoOJk8ZJEQenQ%3D%3D,Internship
Social Media Marketer Intern (Non-Paid),"Lahore, Punjab, Pakistan
Be an early applicant
2 days ago",2024-10-08,https://pk.linkedin.com/jobs/view/social-media-marketer-intern-non-paid-at-cyborg-solutions-4042988501?position=35&pageNum=0&refId=jF5gC2qqjapHa6RhSayVDA%3D%3D&trackingId=3F6yAduEues4z3OMVk28Hg%3D%3D,Internship
Digital Marketer (Intern),"Karāchi, Sindh, Pakistan
2 days ago",2024-10-10,https://pk.linkedin.com/jobs/view/digital-marketer-intern-at-cyberbeak-4045140400?position=36&pageNum=0&refId=jF5gC2qqjapHa6RhSayVDA%3D%3D&trackingId=zxIlolFKIuaKuM0hxZDyow%3D%3D,Internship
Social Media Marketing Intern,"Karāchi, Sindh, Pakistan
Be an early applicant
7 hours ago",2024-10-11,https://pk.linkedin.com/jobs/view/social-media-marketing-intern-at-devdiligent-4046436379?position=37&pageNum=0&refId=jF5gC2qqjapHa6RhSayVDA%3D%3D&trackingId=Rv6eSL6ZSxxBxuaMlqaB6w%3D%3D,Internship
Junior ERP/Implementation Associate,"Islāmābād, Pakistan
3 days ago",2024-10-08,https://pk.linkedin.com/jobs/view/junior-erp-implementation-associate-at-lucrumx-4042900954?position=38&pageNum=0&refId=jF5gC2qqjapHa6RhSayVDA%3D%3D&trackingId=%2BSqYCh8T76AzMVGfGGrMmA%3D%3D,Internship
Trainee Veterinary Doctor,"Karachi Division, Sindh, Pakistan
Be an early applicant
1 day ago",2024-10-07,https://pk.linkedin.com/jobs/view/trainee-veterinary-doctor-at-pet-prognostics-4041911782?position=39&pageNum=0&refId=jF5gC2qqjapHa6RhSayVDA%3D%3D&trackingId=FVI86ts1FsWgYZfkDZs0vA%3D%3D,Internship
Jr. Web Research Officer,"Lahore, Punjab, Pakistan
Be an early applicant
2 days ago",2024-10-11,https://pk.linkedin.com/jobs/view/jr-web-research-officer-at-shiwantek-4046500976?position=40&pageNum=0&refId=jF5gC2qqjapHa6RhSayVDA%3D%3D&trackingId=s0zhVtazekn%2FbYWF%2FDfFQQ%3D%3D,Internship
Marketing & PR Intern,"Faisalabad, Punjab, Pakistan
Be an early applicant
3 days ago",2024-10-09,https://pk.linkedin.com/jobs/view/marketing-pr-intern-at-ceo-times-4044012694?position=41&pageNum=0&refId=jF5gC2qqjapHa6RhSayVDA%3D%3D&trackingId=mlnU5otoGwJOyDsGIN7%2F1g%3D%3D,Internship
Fresh Business Graduates,"Faisalabad, Punjab, Pakistan
17 hours ago",2024-10-09,https://pk.linkedin.com/jobs/view/fresh-business-graduates-at-tx-dynamics-4044029529?position=42&pageNum=0&refId=jF5gC2qqjapHa6RhSayVDA%3D%3D&trackingId=57T0WpYovUoABz2lh8%2F9SQ%3D%3D,Internship
